anio,unidad,ingresos_totales,gastos_personal,liquidez,dias_efectivo,cfo,participacion_ley30,participacion_regalias,participacion_servicios,participacion_matriculas,hhi_fuentes,endeudamiento,tendencia_ingresos,gp_ratio,label,liquidez_lag1,cfo_lag1,gp_ratio_lag1,endeudamiento_lag1,dias_efectivo_lag1,liquidez_diff,gp_ratio_diff,endeudamiento_diff,cfo_roll2,liquidez_roll2,dias_efectivo_roll2,cfo_negativo,top2_concentracion,gp_x_endeudam,liq_x_dias
2017,Ciencias Económicas,100420775869.84166,58253117931.75008,1.3547337990799495,116.2372382246916,-16629382569.323437,0.294017246453908,0.0633588459080333,0.2476928083001605,0.158773017609055,0.2327917225372883,0.372545922053905,-0.0473093545004245,0.5800902993146922,0,1.7686718409687652,6299227711.793105,0.511516795108975,0.4165016716161784,102.05680225320756,-0.41393804188881567,0.06857350420571728,-0.04395574956227338,-5165077428.765165,1.5617028200243572,109.14702023894958,1,0.5417100547540685,0.21611027543271777,157.47051533469758
2018,Ciencias Económicas,111713700402.77003,55897899296.51482,1.5035612413191564,90.06054403857645,8826307762.798704,0.294017246453908,0.0545120685295529,0.1675504161340756,0.1769951764810467,0.2467206391090731,0.3938325794620841,0.0739092564777927,0.5003674490683041,1,1.3547337990799495,-16629382569.323437,0.5800902993146922,0.372545922053905,116.2372382246916,0.14882744223920685,-0.07972285024638814,0.021286657408179088,-3901537403.2623663,1.429147520199553,103.14889113163403,0,0.4710124229349547,0.1970610031454332,135.41154338852056
2019,Ciencias Económicas,131159852515.41852,67290668277.58712,1.3439816469459775,108.69175553378396,9320575183.076912,0.4047676464878477,0.0528212814751547,0.1925678935906901,0.0777178158372856,0.2838016009355539,0.3137553835132573,0.0250202916869347,0.5130431834671112,0,1.5035612413191564,8826307762.798704,0.5003674490683041,0.3938325794620841,90.06054403857645,-0.1595795943731788,0.012675734398807093,-0.08007719594882678,9073441472.937809,1.423771444132567,99.3761497861802,0,0.5973355400785378,0.1609700607875859,146.07972461174452
2020,Ciencias Económicas,99065535018.05376,56282340633.914406,1.9215938142881,101.11855711509403,25189167432.85432,0.3165353255124623,0.0577829855789398,0.2029369141896707,0.1712821495158823,0.2372879034773102,0.3481515734927339,0.0064513558779849,0.5681324047122692,0,1.3439816469459775,9320575183.076912,0.5130431834671112,0.3137553835132573,108.69175553378396,0.5776121673421224,0.05508922124515803,0.03439618997947658,17254871307.965614,1.6327877306170389,104.90515632443899,0,0.519472239702133,0.19779619065278725,194.30879386210265
2021,Ciencias Económicas,125209562389.15115,64888089621.12253,1.5449381406794616,58.2515308858675,23106719286.109444,0.3539770807786614,0.0715937955828866,0.2062561226717032,0.1233567098991227,0.2481189276713567,0.528975443424991,0.0105858175513775,0.5182358949506622,0,1.9215938142881,25189167432.85432,0.5681324047122692,0.3481515734927339,101.11855711509403,-0.3766556736086384,-0.04989650976160698,0.18082386993225713,24147943359.48188,1.7332659774837809,79.68504400048077,0,0.5602332034503646,0.27413406233027365,89.99501181854437
2022,Ciencias Económicas,121171376130.8366,60646985210.30818,0.9925229336840772,105.80956467963048,23106719286.109444,0.3678300965528005,0.0316254817192909,0.1767283864242423,0.1250124811591112,0.2724437580071112,0.4139244717157319,0.0116189041418964,0.5005058714924859,1,1.5449381406794616,23106719286.109444,0.5182358949506622,0.528975443424991,58.2515308858675,-0.5524152069953844,-0.017730023458176314,-0.11505097170925915,23106719286.109444,1.2687305371817694,82.030547782749,0,0.5445584829770428,0.20717162844814924,105.01841954766196
2023,Ciencias Económicas,127942629571.4576,72287431866.86932,1.4919422185591198,62.77749094320888,5553476517.24027,0.3447035127619534,0.0560177523448549,0.2345437193712461,0.1911865068063184,0.2436406218469181,0.3300553720303265,0.0758777583366521,0.5649987975782212,1,0.9925229336840772,23106719286.109444,0.5005058714924859,0.4139244717157319,105.80956467963048,0.4994192848750426,0.06449292608573531,-0.0838690996854054,14330097901.674854,1.2422325761215984,84.29352781141968,0,0.5792472321331995,0.18648088833136695,93.6603891133861
2024,Ciencias Económicas,144652428182.52933,84423231760.45982,1.3298962474190716,96.6445829534248,-33011593840.145737,0.2758774532900009,0.0261589516924408,0.2571343110580809,0.1767766711182819,0.2438844877106613,0.4212238977768633,0.0743817260519271,0.5836281687157755,1,1.4919422185591198,5553476517.24027,0.5649987975782212,0.3300553720303265,62.77749094320888,-0.16204597114004815,0.01862937113755425,0.09116852574653683,-13729058661.452736,1.4109192329890956,79.71103694831685,1,0.5330117643480818,0.24583813207883176,128.52726820314084
2025,Ciencias Económicas,142706654986.28525,73702936735.23897,1.3298962474190716,132.69486726145502,6745379345.055219,0.3367971352822294,0.0656920605962711,0.2809492931066213,0.1968071838795344,0.2497544289510425,0.3098809771956847,0.025097596873004,0.5164646087620942,0,1.3298962474190716,-33011593840.145737,0.5836281687157755,0.4212238977768633,96.6445829534248,0.0,-0.06716355995368128,-0.11134292058117862,-13133107247.545261,1.3298962474190716,114.66972510743992,0,0.6177464283888507,0.16004255765018474,176.47040602278085
2017,Derecho,73914828634.95139,39282645810.6814,1.8947014784517051,98.95850868404072,18654257386.51001,0.3544521721207054,0.0383636175341876,0.2652153110067321,0.2279995059433045,0.2624200680050245,0.2528482425967379,0.0216659073405547,0.5314582545363055,0,1.260682833461194,6414645943.038824,0.4766092491498767,0.3434859235085126,90.11801152544416,0.6340186449905112,0.054849005386428784,-0.09063768091177471,12534451664.774418,1.5776921559564494,94.53826010474245,0,0.6196674831274376,0.13437828567303464,187.49683270902787
2018,Derecho,70656453001.98996,37813596978.24871,1.0776141410197952,108.3763996589964,4384977940.901984,0.2771583093733158,0.0652397839356668,0.3014767097255383,0.1826322512985132,0.2354155057801477,0.2869965005772944,0.1054592798715842,0.5351754209510593,1,1.8947014784517051,18654257386.51001,0.5314582545363055,0.2528482425967379,98.95850868404072,-0.8170873374319099,0.0037171664147538364,0.03414825798055654,11519617663.705997,1.4861578097357502,103.66745417151856,0,0.5786350190988541,0.15359347300793447,116.78794082534745
2019,Derecho,75070147574.88701,43114387437.6935,1.584289174876964,117.74825560584247,6007720923.849249,0.3330335332677542,0.0889780722325152,0.1264801260626399,0.1560507293328628,0.246472641446685,0.3782723195794628,0.0725342847680438,0.5743213358503697,0,1.0776141410197952,4384977940.901984,0.5351754209510593,0.2869965005772944,108.3763996589964,0.5066750338571688,0.03914591489931041,0.09127581900216836,5196349432.375616,1.3309516579483796,113.06232763241944,0,0.489084262600617,0.21724986389609502,186.54728671698203
2020,Derecho,77427696345.47656,34258780662.42544,1.2595044441119143,117.77438587002888,4036273328.2344494,0.3310209379392788,0.0483629958036625,0.1870219955863852,0.2100377838875872,0.2409843515710691,0.2914257449356571,0.1171316925147852,0.4424615774381991,0,1.584289174876964,6007720923.849249,0.5743213358503697,0.3782723195794628,117.74825560584247,-0.32478473076504977,-0.13185975841217062,-0.08684657464380569,5021997126.041849,1.4218968094944393,117.76132073793568,0,0.541058721826866,0.1289446948103331,148.33736240585282
2021,Derecho,80648172909.88522,41291890163.569565,1.1381188125995645,107.24032658491411,5523009515.140212,0.4375338015515433,0.0485808382628514,0.1448270800375302,0.1707057041402904,0.2832549902936201,0.3794523711180442,0.0576049122538079,0.5120003178461137,1,1.2595044441119143,4036273328.2344494,0.4424615774381991,0.2914257449356571,117.77438587002888,-0.12138563151234982,0.06953874040791458,0.0880266261823871,4779641421.68733,1.1988116283557395,112.50735622747149,0,0.6082395056918337,0.1942797346199001,122.05223315561196
2022,Derecho,79250787189.42578,40448731007.69087,0.9856926546929684,148.30013836911058,5087583596.692193,0.3067277187552112,0.0785916893988542,0.283041063461338,0.2334981530256485,0.2445239077244022,0.3612442233566642,0.0423857087946777,0.5103890124272208,0,1.1381188125995645,5523009515.140212,0.5120003178461137,0.3794523711180442,107.24032658491411,-0.15242615790659608,-0.0016113054188928722,-0.018208147761380022,5305296555.916203,1.0619057336462665,127.77023247701234,0,0.5897687822165492,0.18437508240404618,146.17835708038317
2023,Derecho,79873026431.13173,37548952278.077225,1.3013768958698404,114.84001060384352,4534525201.259234,0.3224966914249079,0.0709928519160077,0.2351893965393094,0.1897506304212349,0.2333312759338735,0.3499108777986123,-0.0326044844672024,0.4701080446782964,0,0.9856926546929684,5087583596.692193,0.5103890124272208,0.3612442233566642,148.30013836911058,0.315684241176872,-0.04028096774892437,-0.011333345558051877,4811054398.975714,1.1435347752814045,131.57007448647704,0,0.5576860879642173,0.16449591857357196,149.45013652128944
2024,Derecho,82781817431.34923,49539553719.94651,1.64089453717967,60.590423678328655,5347246747.377034,0.3332885033019108,0.0316421102394066,0.2420291150144499,0.1833038167814508,0.2482502117494692,0.5547485436241043,0.0130836379556963,0.5984352030085538,1,1.3013768958698404,4534525201.259234,0.4701080446782964,0.3499108777986123,114.84001060384352,0.33951764130982953,0.12832715833025737,0.204837665825492,4940885974.318134,1.4711357165247552,87.71521714108609,0,0.5753176183163606,0.3319810573223904,99.42249521917121
2025,Derecho,85755137057.07195,48027374667.70742,1.291024483117724,118.58787273433094,3472714783.7870493,0.2884435850858764,0.0900516181161887,0.0805943558457498,0.1165117429284947,0.2914936870211675,0.48705556330727,0.0033411406441289,0.5600524506857721,1,1.64089453717967,5347246747.377034,0.5984352030085538,0.5547485436241043,60.590423678328655,-0.34987005406194593,-0.038382752322781655,-0.0676929803168343,4409980765.582042,1.4659595101486969,89.5891482063298,0,0.4049553280143711,0.2727766618503758,153.09984710087005
2017,Educación,95914574207.74568,54093464971.37405,1.3280490625644423,73.53088161531302,8803698878.14121,0.333324800343495,0.0866126155272129,0.2308198284136005,0.2302185728778525,0.23905230827951,0.3580410206784873,0.0757396214612549,0.5639754481337798,1,1.8699041909327616,7471860875.417036,0.461080895635537,0.3804823461736828,113.50005159538584,-0.5418551283683193,0.10289455249824275,-0.022441325495195508,8137779876.779123,1.5989766267486019,93.51546660534943,0,0.5641446287570955,0.2019263450874258,97.65261839875345
2018,Educación,91969266884.93433,53648214311.3473,1.2456695292992188,97.13288596965376,9056382703.450983,0.333324800343495,0.0631949739011184,0.1369762464618521,0.2035474221884324,0.2533906401847551,0.3580410206784873,0.0098902598899709,0.5833276281137294,1,1.3280490625644423,8803698878.14121,0.5639754481337798,0.3580410206784873,73.53088161531302,-0.08237953326522351,0.019352179979949646,0.0,8930040790.796097,1.2868592959318306,85.33188379248338,0,0.5368722225319273,0.20885521935980075,120.99547634529328
2019,Educación,97726443270.3066,50828415460.18506,1.4161402864368169,97.9081739859224,9677123329.69856,0.2713214881593878,0.0828131248589492,0.180591722055617,0.1906093583359319,0.2248591424608058,0.3580410206784873,-0.007432946243688,0.5201091307456686,0,1.2456695292992188,9056382703.450983,0.5833276281137294,0.3580410206784873,97.13288596965376,0.17047075713759807,-0.06321849736806084,0.0,9366753016.574772,1.330904907868018,97.52052997778807,0,0.4619308464953197,0.18622040403638,138.65170955292984
2020,Educación,101143974565.97543,58849032945.07658,1.2656935829289473,98.42892482631122,9404759282.88375,0.2726237295661396,0.0706702163667965,0.1992190311922124,0.1610658011971683,0.232813932769221,0.3478128013579017,0.0677123411776916,0.5818342931213348,0,1.4161402864368169,9677123329.69856,0.5201091307456686,0.3580410206784873,97.9081739859224,-0.1504467035078696,0.061725162375666276,-0.010228219320585596,9540941306.291157,1.3409169346828822,98.16854940611681,0,0.471842760758352,0.20236941541662598,124.58085852725786
2021,Educación,91449781806.6488,48757990936.1422,1.6057052399496714,54.30643039410653,5394111111.806449,0.2922809457089753,0.057014181165051,0.3193381518584581,0.1529812226485427,0.2458802639114124,0.3478128013579017,-0.0019262774741486,0.5331668372837745,0,1.2656935829289473,9404759282.88375,0.5818342931213348,0.3478128013579017,98.42892482631122,0.3400116570207241,-0.04866745583756038,0.0,7399435197.3451,1.4356994114393093,76.36767761020887,0,0.6116190975674334,0.18544225126680214,87.20011984677895
2022,Educación,107232859160.89024,55820005067.738335,1.1671207984970522,72.04445590711043,5394111111.806449,0.2739953445755193,0.0475195029952026,0.31022181617013,0.178997594216736,0.2414307870881066,0.3466011330154218,0.0624654716410808,0.5205494426292132,0,1.6057052399496714,5394111111.806449,0.5331668372837745,0.3478128013579017,54.30643039410653,-0.4385844414526192,-0.012617394654561243,-0.0012116683424799324,5394111111.806449,1.3864130192233617,63.17544315060848,0,0.5842171607456492,0.1804230266058316,84.0845829055924
2023,Educación,103412215267.8171,57588204553.58153,1.5881479026486172,115.91465747830154,5394111111.806449,0.307182013638535,0.0674304936359953,0.212069739652075,0.092516562774471,0.2553539535359269,0.3062602440375931,0.0168428934138506,0.5568800978147458,0,1.1671207984970522,5394111111.806449,0.5205494426292132,0.3466011330154218,72.04445590711043,0.42102710415156497,0.03633065518553258,-0.04034088897782867,5394111111.806449,1.3776343505728348,93.97955669270598,0,0.51925175329061,0.17055023465642277,184.08962016039743
2024,Educación,114564143436.4144,62247990685.02573,1.5148764223633049,104.23069893910991,6040497269.618941,0.3957734296084995,0.0553136255088246,0.1459020771948572,0.2288031405695311,0.2636828302029788,0.4150533049601606,0.1119929856757113,0.543346188588009,0,1.5881479026486172,5394111111.806449,0.5568800978147458,0.3062602440375931,115.91465747830154,-0.07327148028531227,-0.013533909226736807,0.10879306092256746,5717304190.712695,1.551512162505961,110.07267820870572,0,0.6245765701780306,0.2255176313109598,157.89662830930556
2025,Educación,109958725258.5018,66890966152.85871,1.0840108590200694,89.39135852794736,3451619174.9825883,0.2896112838927719,0.0452171545128843,0.2343607140451684,0.1944481223908669,0.2345216412536186,0.4320528006975357,0.0087931892591517,0.608327952107528,1,1.5148764223633049,6040497269.618941,0.543346188588009,0.4150533049601606,104.23069893910991,-0.43086556334323545,0.06498176351951901,0.016999495737375137,4746058222.300765,1.2994436406916872,96.81102873352864,0,0.5239719979379402,0.2628297954506538,96.90120334685123
2017,Facultad de Ingeniería,166353159058.12463,89905141605.03621,1.7188302992282547,74.76548533220137,4558966627.773841,0.3232824362190741,0.1041186016545091,0.3293393044486893,0.2201621559151551,0.2728214637178576,0.4429894860716994,0.0300460959734695,0.5404474559669943,1,1.8052943056192088,4134823981.829304,0.4229328302642771,0.3456869896915058,93.5744253904058,-0.08646400639095408,0.1175146257027172,0.09730249638019361,4346895304.801573,1.7620623024237316,84.16995536130358,0,0.6526217406677635,0.2394125407675762,128.50918152549335
2018,Facultad de Ingeniería,162984532328.04852,81819035583.14615,1.323888653539236,98.43431030597569,-17233736179.580048,0.2969122552070157,0.054887612589388,0.0800705447269637,0.1091386758196061,0.3201647369841567,0.4429894860716994,-0.0430214165487475,0.5020049106160833,1,1.7188302992282547,4558966627.773841,0.5404474559669943,0.4429894860716994,74.76548533220137,-0.3949416456890187,-0.03844254535091096,0.0,-6337384775.903103,1.5213594763837452,86.59989781908853,1,0.4060509310266218,0.22238289735928815,130.3160665330415
2019,Facultad de Ingeniería,152736632689.66312,84236771007.45686,1.8831732052571133,70.61722682490331,18277718039.49787,0.3636902931202528,0.066771781019996,0.219408475276059,0.275694610637509,0.2664172428058243,0.4702988804749877,-0.0249395879145183,0.5515164864123512,0,1.323888653539236,-17233736179.580048,0.5020049106160833,0.4429894860716994,98.43431030597569,0.5592845517178773,0.04951157579626786,0.02730939440328828,521990929.9589119,1.6035309293981745,84.5257685654395,0,0.6393849037577618,0.25937758612322753,132.98446938622178
2020,Facultad de Ingeniería,172868788412.39478,98845423596.11948,1.0004271498652284,92.13108454441632,13292013158.99182,0.4177443090990554,0.0899128827406693,0.2734696334852868,0.1490916514301123,0.2844780562184949,0.4211417595605494,0.0241304447417068,0.5717945067117287,1,1.8831732052571133,18277718039.49787,0.5515164864123512,0.4702988804749877,70.61722682490331,-0.8827460553918849,0.02027802029937753,-0.0491571209144383,15784865599.244846,1.4418001775611708,81.37415568465983,0,0.6912139425843422,0.2408065446636338,92.17043832476281
2021,Facultad de Ingeniería,170917957588.87988,100258608118.94786,1.315355978287264,80.97222789212236,8913080223.272886,0.283442250787836,0.0832440809819905,0.1651398476758482,0.0950759859983023,0.2627816931045558,0.3677307169518314,0.0858142968511971,0.586589083635708,1,1.0004271498652284,13292013158.99182,0.5717945067117287,0.4211417595605494,92.13108454441632,0.3149288284220355,0.014794576923979341,-0.053411042608717985,11102546691.132353,1.1578915640762462,86.55165621826934,0,0.44858209846368424,0.21570682428147672,106.50730403314189
2022,Facultad de Ingeniería,168466708271.0406,93764804459.5067,0.9898916466782232,118.08469064075364,11326319716.957417,0.2657048799436566,0.0453507602655908,0.1593738434452415,0.2634845343835274,0.2382816463130257,0.4960164434037306,0.0236822082261488,0.5565776492091931,1,1.315355978287264,8913080223.272886,0.586589083635708,0.3677307169518314,80.97222789212236,-0.32546433160904076,-0.030011434426514993,0.12828572645189917,10119699970.11515,1.1526238124827435,99.528459266438,0,0.529189414327184,0.2760716660387531,116.89104886586418
2023,Facultad de Ingeniería,171339712261.73602,112901246195.93803,1.2783748458121014,55.5027045055618,8566619224.657822,0.2960411782713723,0.0728410937854366,0.1211056034239775,0.2084905854188207,0.2419963341065992,0.4060299214854815,-0.0197345342822716,0.6589321570907727,1,0.9898916466782232,11326319716.957417,0.5565776492091931,0.4960164434037306,118.08469064075364,0.2884831991338782,0.10235450788157963,-0.08998652191824907,9946469470.80762,1.1341332462451623,86.79369757315771,0,0.5045317636901929,0.2675461720078254,70.95326131445219
2024,Facultad de Ingeniería,168213524094.487,91962499983.26688,0.772001314366346,104.18975036425134,7863329552.152785,0.33506244947837,0.0802547810791274,0.2339370428048,0.1251620611962156,0.2399877466096606,0.5687529073910629,0.1215468155287737,0.5467009889859435,1,1.2783748458121014,8566619224.657822,0.6589321570907727,0.4060299214854815,55.5027045055618,-0.5063735314457554,-0.11223116810482914,0.16272298590558137,8214974388.405304,1.0251880800892237,79.84622743490658,0,0.56899949228317,0.31093777695932484,80.43462422470351
2025,Facultad de Ingeniería,186669848767.06537,97254669294.58565,1.4858805119463838,145.04553453162595,11239676542.986418,0.3299870072432586,0.069486945957436,0.1918038034236763,0.1401071412489639,0.2422926437351181,0.3554850232480702,0.0754589969486714,0.5209982754951722,0,0.772001314366346,7863329552.152785,0.5467009889859435,0.5687529073910629,104.18975036425134,0.7138791975800378,-0.025702713490771356,-0.2132678841429927,9551503047.569601,1.1289409131563648,124.61764244793865,0,0.5217908106669349,0.18520708407660577,215.52033310538926
2017,Institutos,79466679357.30127,36418977656.14899,1.1620494424977683,88.98636462303102,11694595162.749365,0.3517485054995147,0.1153320614220374,0.2173195269964329,0.162639810468054,0.2341047711262686,0.3880177539811255,0.0380659732830824,0.4582924308740839,0,1.1652065526174884,6335817431.093542,0.5209348937314899,0.3952168014287351,88.98636462303102,-0.0031571101197200857,-0.06264246285740604,-0.00719904744760963,9015206296.921453,1.1636279975576285,88.98636462303102,0,0.5690680324959476,0.17782559969431225,103.40655540009634
2018,Institutos,78015051662.17247,40837959190.06778,1.3184308142782135,66.56949318489873,16766030668.952995,0.2484666818911097,0.0915100187168481,0.2365281638274422,0.1728164599608359,0.2187606750549695,0.4785154886452615,-0.0396480178326081,0.5234625667737535,0,1.1620494424977683,11694595162.749365,0.4582924308740839,0.3880177539811255,88.98636462303102,0.1563813717804452,0.06517013589966958,0.09049773466413602,14230312915.851181,1.240240128387991,77.77792890396488,0,0.4849948457185519,0.25048494592724546,87.76727110585402
2019,Institutos,84240807790.99437,41793762397.065895,1.0214508925976236,107.7724935881754,5819995538.209627,0.3098834355865162,0.0794728875959831,0.269897869283858,0.1609740892837424,0.2187606750549695,0.2663577119151032,0.0105954287356441,0.496122526516582,0,1.3184308142782135,16766030668.952995,0.5234625667737535,0.4785154886452615,66.56949318489873,-0.29697992168058995,-0.02734004025717146,-0.2121577767301583,11293013103.58131,1.1699408534379185,87.17099338653706,0,0.5797813048703742,0.1321460609924969,110.08430977311342
2020,Institutos,88815345486.20586,48808511024.47886,1.4982981442788854,115.78919531568464,7215369278.586036,0.3652489740186552,0.0736406955366682,0.2348278283643269,0.2009337052173817,0.2500605488024896,0.307489127522765,0.1250314401828751,0.5495504268691882,0,1.0214508925976236,5819995538.209627,0.496122526516582,0.2663577119151032,107.7724935881754,0.47684725168126185,0.053427900352606195,0.041131415607661814,6517682408.397831,1.2598745184382545,111.78084445193002,0,0.6000768023829821,0.16898078128776978,173.4867364690357
2021,Institutos,86850349836.78622,48375245578.66163,1.154899149907966,83.16843797595918,4310000696.714934,0.3191534129926625,0.0579521784979262,0.1063691144522848,0.1542956063413371,0.2715492253258029,0.3993394788265717,0.1250314401828751,0.556995402661831,1,1.4982981442788854,7215369278.586036,0.5495504268691882,0.307489127522765,115.78919531568464,-0.3433989943709195,0.007444975792642805,0.0918503513038067,5762684987.650485,1.3265986470934257,99.47881664582191,0,0.4734490193339996,0.22243025380777207,96.05115831760865
2022,Institutos,96560218772.82063,51894356109.69922,1.70168906342089,106.8343803210573,4031227054.646995,0.3666792547197336,0.0685340359835043,0.1845838757793226,0.2183932179997492,0.2470997464699926,0.4058441766607576,0.0294609259791408,0.5374299765392229,0,1.154899149907966,4310000696.714934,0.556995402661831,0.3993394788265717,83.16843797595918,0.5467899135129242,-0.019565426122608143,0.006504697834185891,4170613875.6809645,1.4282941066644281,95.00140914850823,0,0.5850724727194828,0.2181128263413712,181.79889658969117
2023,Institutos,94862291806.21336,55192825634.89855,1.5968712220016068,57.92190663329646,-1436194526.0637827,0.2031915578991444,0.0528395979487331,0.2085982730857041,0.1994190090431236,0.2402234650408361,0.3817788604223049,0.0931493808314623,0.5818204956258868,1,1.70168906342089,4031227054.646995,0.5374299765392229,0.4058441766607576,106.8343803210573,-0.1048178414192833,0.044390519086663915,-0.024065316238452705,1297516264.2916062,1.6492801427112485,82.37814347717688,1,0.4117898309848485,0.2221267657903917,92.4938258261751
2024,Institutos,95938397015.83038,50738856653.68054,1.514532426190588,102.16142523402934,-2030357185.4035544,0.368902850197998,0.0620293378490483,0.1989157949612423,0.1522830881451025,0.2501614542150387,0.4498219885959628,0.040798943806812,0.5288691309414764,1,1.5968712220016068,-1436194526.0637827,0.5818204956258868,0.3817788604223049,57.92190663329646,-0.08233879581101888,-0.05295136468441042,0.06804312817365787,-1733275855.7336686,1.5557018240960974,80.0416659336629,1,0.5678186451592403,0.23789696418711354,154.7267912227828
2025,Institutos,92638679342.211,47942645816.9161,1.2691849098504158,60.31654168640532,-17079781242.224829,0.2435015469160113,0.0535152930351894,0.2045124427991947,0.194067174869984,0.2343058141741049,0.3887035148303462,0.0378570905344368,0.5175229845388236,1,1.514532426190588,-2030357185.4035544,0.5288691309414764,0.4498219885959628,102.16142523402934,-0.24534751634017216,-0.011346146402652746,-0.06111847376561658,-9555069213.814192,1.3918586680205018,81.23898346021733,1,0.448013989715206,0.20116300309573165,76.55284452274918
2017,Medicina,210566283492.7202,114048549007.01276,1.5732161502668007,112.4281174918966,-30534927270.813225,0.3011193206686172,0.0215256854060574,0.2547893659569804,0.2550320218685454,0.2491626627680512,0.3968435537183774,0.037729105577837,0.5416277815956974,1,1.0192341490419046,13319246561.90809,0.5058036467303966,0.3253969476637355,109.9833174072631,0.5539820012248962,0.03582413486530078,0.07144660605464187,-8607840354.452568,1.2962251496543526,111.20571744957985,1,0.5561513425371626,0.21494149364103768,176.87373018234513
2018,Medicina,199304513538.58585,111053045216.63382,1.5604910671884882,88.05506041460558,-38417592441.7319,0.377530495843424,0.0668527596273845,0.2136781218145182,0.2270364308733842,0.2574049611374159,0.3076026277294317,0.063090051305646,0.5572028613146972,1,1.5732161502668007,-30534927270.813225,0.5416277815956974,0.3968435537183774,112.4281174918966,-0.012725083078312549,0.015575079718999851,-0.08924092598894567,-34476259856.27257,1.5668536087276443,100.2415889532511,1,0.6045669267168082,0.17139706431875895,137.40913519773466
2019,Medicina,203468021465.96655,105382682553.07584,1.3727182677372065,153.77592470398332,-34554950471.16929,0.2676821219631379,0.0524850017803614,0.1510137510670625,0.2009287376513052,0.2450980106959715,0.3076026277294317,0.0310249050354173,0.517932409200248,1,1.5604910671884882,-38417592441.7319,0.5572028613146972,0.3076026277294317,88.05506041460558,-0.18777279945128167,-0.03927045211444924,0.0,-36486271456.45059,1.4666046674628475,120.91549255929445,1,0.4686108596144431,0.15931737005623156,211.09102097933908
2020,Medicina,213352103068.13354,101817971855.50555,1.3286870546908065,101.40724576497723,11599844276.91916,0.3158685807796488,0.0628485117002587,0.2470615648598836,0.2336039481414573,0.2391063688062204,0.3551725700955103,0.0251173665963026,0.4772297549042215,0,1.3727182677372065,-34554950471.16929,0.517932409200248,0.3076026277294317,153.77592470398332,-0.04403121304640001,-0.040702654296026486,0.04756994236607859,-11477553097.125065,1.3507026612140065,127.59158523448028,0,0.5629301456395324,0.1694989185753828,134.73849469977435
2021,Medicina,205408116813.39505,104298008928.68416,1.344373829568653,73.14181527987816,9381915731.874828,0.4109517340542251,0.053522804324293,0.2105851570753166,0.1439996572076335,0.2695675458205497,0.3021810432200972,0.023350114119429,0.5077599198450111,1,1.3286870546908065,11599844276.91916,0.4772297549042215,0.3551725700955103,101.40724576497723,0.01568677487784642,0.03053016494078964,-0.052991526875413086,10490880004.396996,1.3365304421297297,87.2745305224277,0,0.6215368911295417,0.15343542228411838,98.32994230941281
2022,Medicina,219942081545.07343,112454236178.04152,1.4239169934473823,93.89070144162308,5072752368.569382,0.3537981696501488,0.0402639222141935,0.2229645566947353,0.2497616434804333,0.2566337595137436,0.3021810432200972,0.0158366694560678,0.511290224172021,0,1.344373829568653,9381915731.874828,0.5077599198450111,0.3021810432200972,73.14181527987816,0.0795431638787294,0.0035303043270098478,0.0,7227334050.222105,1.3841454115080176,83.51625836075061,0,0.6035598131305822,0.15450221332853867,133.69256530942175
2023,Medicina,226967211800.29883,116819944009.94148,1.215764469362682,117.93684594000516,6673953786.896633,0.3330025364040417,0.0675384022887526,0.1640652199427213,0.2115931213893719,0.2372279327107722,0.3035371306926688,0.0622672437087771,0.514699647950593,0,1.4239169934473823,5072752368.569382,0.511290224172021,0.3021810432200972,93.89070144162308,-0.20815252408470042,0.003409423778572007,0.0013560874725715988,5873353077.733007,1.3198407314050322,105.91377369081411,0,0.5445956577934136,0.15623045430744975,143.38342692255873
2024,Medicina,242257334983.92548,131715191006.79236,1.4320455232740643,84.48645505620004,14242864505.89658,0.3680534178823241,0.0580263060638097,0.2092508477518054,0.1090491458697459,0.2598497329008183,0.3035371306926688,0.0004268850698595,0.5436994963043413,0,1.215764469362682,6673953786.896633,0.514699647950593,0.3035371306926688,117.93684594000516,0.21628105391138241,0.02899984835374836,0.0,10458409146.396606,1.323904996318373,101.2116504981026,0,0.5773042656341295,0.16503298506726904,120.9884497405267
2025,Medicina,226558438857.7636,135709437241.02762,1.3788478052116755,53.14624529495305,16366613447.016373,0.3538406491234805,0.0249785930161526,0.1867071516490306,0.1814376201001567,0.2576335158129526,0.4466296191221492,0.0205811025959765,0.5990041153409775,1,1.4320455232740643,14242864505.89658,0.5436994963043413,0.3035371306926688,84.48645505620004,-0.05319771806238882,0.05530461903663619,0.1430924884294804,15304738976.456476,1.40544666424287,68.81635017557655,0,0.5405478007725111,0.2675329798873407,73.28058368018735
2017,Nivel Central,235740641804.16302,111335177072.30092,1.402537976104727,122.96939378590886,21570875751.88907,0.2556736573660497,0.0569521100396714,0.1973215411906235,0.2199701121218881,0.2288798023851541,0.2294584816879209,-0.0468826382160513,0.4722782470609818,0,1.3878873581508095,23525970567.23397,0.5488395756681563,0.3581876430769773,93.61135316019336,0.014650617953917422,-0.07656132860717452,-0.1287291613890564,22548423159.56152,1.3952126671277683,108.29037347305112,0,0.4756437694879378,0.10836824950484568,172.4692446833138
2018,Nivel Central,237752397076.9665,124081464812.08788,1.2319301710311432,86.95786807315346,15995760721.032022,0.3759075271275922,0.0400123850145296,0.2437449161468492,0.1052600074699779,0.2686590460687039,0.2972601578977327,0.0128026452262243,0.5218936437133779,1,1.402537976104727,21570875751.88907,0.4722782470609818,0.2294584816879209,122.96939378590886,-0.17060780507358375,0.04961539665239606,0.06780167620981178,18783318236.460545,1.317234073567935,104.96363092953116,0,0.6196524432744414,0.15513818693606177,107.12602128786354
2019,Nivel Central,230483942387.17133,119881336238.22548,1.307921555257103,121.0669757134077,14948792519.496267,0.4429085099791788,0.0431824276572027,0.2207152545356568,0.1647045188281776,0.2903849697651772,0.4047529603273183,0.0399295112463225,0.5201287994147832,0,1.2319301710311432,15995760721.032022,0.5218936437133779,0.2972601578977327,86.95786807315346,0.07599138422595986,-0.0017648442985946922,0.10749280242958559,15472276620.264145,1.269925863144123,104.01242189328059,0,0.6636237645148356,0.21052367131462743,158.3461071653541
2020,Nivel Central,231939025396.9935,123366022710.37566,1.517192804606124,70.28723722336382,34401447319.25624,0.3842321511672969,0.0838237852465397,0.2379843529783198,0.1654257119933512,0.2551839802145535,0.4577636741870804,-0.0170113379006783,0.5318898900226852,0,1.307921555257103,14948792519.496267,0.5201287994147832,0.4047529603273183,121.0669757134077,0.20927124934902097,0.01176109060790198,0.05301071385976214,24675119919.376255,1.4125571799316137,95.67710646838576,0,0.6222165041456167,0.2434798703197465,106.63929057093131
2021,Nivel Central,216025109087.69083,113434190427.31996,1.1170608411837126,146.65053578919614,46883716949.12749,0.3842321511672969,0.0662618385910389,0.1807140300616244,0.1771846465563483,0.2365172470533124,0.4204142017117352,-0.0554779760511556,0.5250972486780402,0,1.517192804606124,34401447319.25624,0.5318898900226852,0.4577636741870804,70.28723722336382,-0.4001319634224114,-0.006792641344644967,-0.0373494724753452,40642582134.191864,1.3171268228949184,108.46888650627997,0,0.5649461812289214,0.2207583406240068,163.8175708687216
2022,Nivel Central,220480289352.75308,123124274584.8238,1.4623631651507207,131.78154250897614,18778601291.636063,0.2237470663544419,0.0768326124661331,0.2866099941947452,0.1643348915800297,0.2268572874030524,0.3988738607869475,0.0366695633658955,0.5584366518488805,0,1.1170608411837126,46883716949.12749,0.5250972486780402,0.4204142017117352,146.65053578919614,0.3453023239670081,0.033339403170840276,-0.021540340924787738,32831159120.381775,1.2897120031672167,139.21603914908616,0,0.5103570605491871,0.2227457833278994,192.71247361187062
2023,Nivel Central,228423471597.2614,126772187733.0488,1.4741909700939635,114.82897142498206,18778601291.636063,0.395354247335835,0.0747565078474581,0.199812023305427,0.0954180741164133,0.2659878853336112,0.31345524729834,0.0702614430222647,0.5549875713147541,1,1.4623631651507207,18778601291.636063,0.5584366518488805,0.3988738607869475,131.78154250897614,0.011827804943242759,-0.003449080534126403,-0.08541861348860746,18778601291.636063,1.468277067622342,123.30525696697912,0,0.595166270641262,0.17396376641397135,169.2798327798863
2024,Nivel Central,231153553978.4891,136537769821.73187,1.2064340530615223,96.66954680817426,5816412206.773385,0.3410138678058848,0.0548131673141458,0.2689279539070255,0.1748930170166801,0.2479175151065036,0.5938484085649725,0.0043946059674252,0.5906799504992164,1,1.4741909700939635,18778601291.636063,0.5549875713147541,0.31345524729834,114.82897142498206,-0.2677569170324412,0.03569237918446233,0.28039316126663244,12297506749.204723,1.3403125115777428,105.74925911657817,0,0.6099418217129102,0.35077434857519635,116.62543316340621
2025,Nivel Central,241190038556.80087,138248782514.57654,1.442033481434362,109.39776381251777,-29607151896.39428,0.2727537271237621,0.0915129949193295,0.2576638105999659,0.191378782269182,0.2206391133932763,0.4249301886920005,0.0458693715214434,0.5731944127618629,1,1.2064340530615223,5816412206.773385,0.5906799504992164,0.5938484085649725,96.66954680817426,0.23559942837283976,-0.017485537737353507,-0.16891821987297195,-11895369844.810448,1.324233767247942,103.03365531034603,1,0.530417537723728,0.2435676099720988,157.75523821169907
2017,Sedes y Seccionales,70337959632.34299,36336663840.64108,1.4550470530708262,118.25383860902248,4036028165.4483953,0.289171758288226,0.0490149282254387,0.1901072459703897,0.1736669145180311,0.2411510678688226,0.408063635149364,0.0550233271054728,0.5166010505646322,0,1.4550470530708262,4519136789.225881,0.4820600549522369,0.5090705228208819,132.25313080596712,0.0,0.03454099561239532,-0.10100688767151794,4277582477.337138,1.4550470530708262,125.2534847074948,0,0.4792790042586157,0.21080610261538424,172.06489938237124
2018,Sedes y Seccionales,60948048795.15456,32967371864.181183,1.2985330412515956,40.50935480394774,6324312402.976638,0.3208291844442108,0.0969675990176689,0.2396039023275834,0.2098957184618526,0.2314105678142425,0.4220268685543029,0.0803433987946645,0.5409093894865118,1,1.4550470530708262,4036028165.4483953,0.5166010505646322,0.408063635149364,118.25383860902248,-0.15651401181923053,0.024308338921879558,0.01396323340493888,5180170284.212517,1.376790047161211,79.38159670648511,0,0.5604330867717943,0.22827829581661233,52.60273569271019
2019,Sedes y Seccionales,64156261768.34713,34188098216.349834,1.3418885532677884,86.88606408284123,7472654382.08968,0.3208291844442108,0.057226341094503,0.2057876450789685,0.178278328968774,0.2351941484037421,0.3796635750811294,0.0471370364649031,0.5328879406938462,0,1.2985330412515956,6324312402.976638,0.5409093894865118,0.4220268685543029,40.50935480394774,0.04335551201619281,-0.008021448792665642,-0.04236329347317347,6898483392.533159,1.320210797259692,63.69770944339448,0,0.5266168295231793,0.2023181406814465,116.59141483125617
2020,Sedes y Seccionales,65083358481.67987,34833866234.82618,1.146197197709715,54.51408855218752,4332965185.622183,0.4061926008599901,0.0463354811400042,0.1278984080797461,0.2240610394461269,0.2719258841037897,0.4741537251659986,0.004181728552946,0.535219248782797,1,1.3418885532677884,7472654382.08968,0.5328879406938462,0.3796635750811294,86.88606408284123,-0.1956913555580735,0.0023313080889508786,0.09449015008486916,5902809783.85593,1.2440428754887516,70.70007631751437,0,0.630253640306117,0.25377620059091055,62.48389553421659
2021,Sedes y Seccionales,58382366064.33834,37264441390.96215,1.2887704653487395,52.97062544116976,6942745866.621546,0.2165296020793981,0.0592878903078034,0.1081791324837676,0.1362290632329604,0.310844595243431,0.4741537251659986,-0.0500487485228087,0.6382824798483864,1,1.146197197709715,4332965185.622183,0.535219248782797,0.4741537251659986,54.51408855218752,0.14257326763902456,0.10306323106558934,0.0,5637855526.121864,1.2174838315292273,53.74235699667864,0,0.3527586653123585,0.30264401552830383,68.26697759963012
2022,Sedes y Seccionales,63834983405.38364,33420037891.10951,1.2432123070754335,64.65167666150819,6942745866.621546,0.3101381815797857,0.0191580716900915,0.1500383065695206,0.2223078040571286,0.2575022555887036,0.3296230692446067,0.0909569737742265,0.5235379741367798,0,1.2887704653487395,6942745866.621546,0.6382824798483864,0.4741537251659986,52.97062544116976,-0.045558158273306004,-0.11474450571160655,-0.14453065592139186,6942745866.621546,1.2659913862120864,58.81115105133897,0,0.5324459856369143,0.1725701939010689,80.37576009864856
2023,Sedes y Seccionales,68688848566.37004,36619218584.47681,1.3392174208829293,57.64711505308109,-1608523271.2064795,0.3144983673621307,0.0430871114320954,0.2655730304791158,0.1250201248358755,0.2503387886959461,0.4079939578711508,0.0402812056397873,0.5331173741993037,1,1.2432123070754335,6942745866.621546,0.5235379741367798,0.3296230692446067,64.65167666150819,0.09600511380749577,0.00957940006252389,0.07837088862654407,2667111297.707533,1.2912148639791814,61.149395857294635,1,0.5800713978412465,0.21750866750944925,77.20202074272875
2024,Sedes y Seccionales,64057386148.95217,32245158944.261284,1.589212415126553,54.47979729278064,1638987572.481452,0.2989853767349968,0.0972312824766363,0.2667994225438159,0.1952087657946468,0.2282347657583958,0.5423689054916767,0.0367318599323593,0.503379249182629,1,1.3392174208829293,-1608523271.2064795,0.5331173741993037,0.4079939578711508,57.64711505308109,0.2499949942436237,-0.02973812501667472,0.13437494762052593,15232150.637485743,1.4642149180047412,56.063456172930856,0,0.5657847992788128,0.2730172524264045,86.57997023126497
2025,Sedes y Seccionales,62096537097.68805,32148239425.336555,1.0281300040200576,81.00392701305815,3994299455.1327376,0.2892962812878862,0.0622751194575967,0.2251784018661664,0.1328425218386629,0.2402595951640868,0.5031332305966707,0.0259006758061463,0.5177138843469177,1,1.589212415126553,1638987572.481452,0.503379249182629,0.5423689054916767,54.47979729278064,-0.5610824111064954,0.014334635164288678,-0.03923567489500601,2816643513.8070946,1.3086712095733053,67.74186215291938,0,0.5144746831540525,0.26047905915621583,83.28256780557592
